<?xml version="1.1" encoding="UTF-8"?>
<expression:EMFExpression xmi:version="2.0" xmlns:xmi="http://www.omg.org/XMI" xmlns:expression="http:///expression.ecore" id="tMap_4=>" expression="(row4.GENERATORE_DATA_INST.equals(&quot;&quot;) ||row4.GENERATORE_DATA_INST==null) ? null : TalendDate.parseDate(&quot;yyyy-MM-dd HH:mm:ss&quot;,row4.GENERATORE_DATA_INST)">
  <variables name="row4.IDENTIFICATIVO_IMPIANTO" value="null" talendType="id_String" nullable="true"/>
  <variables name="row4.GENERATORI_NUMERO" value="null" talendType="id_Integer" nullable="true"/>
  <variables name="row4.POTENZA_IMPIANTO_RISC" value="null" talendType="id_String" nullable="true"/>
  <variables name="row4.POTENZA_IMPIANTO_ACS" value="null" talendType="id_String" nullable="true"/>
  <variables name="row4.POTENZA_IMPIANTO_RAFF" value="null" talendType="id_String" nullable="true"/>
  <variables name="row4.UBICAZIONE_TOPONIMO" value="null" talendType="id_String" nullable="true"/>
  <variables name="row4.UBICAZIONE_INDIRIZZO" value="null" talendType="id_String" nullable="true"/>
  <variables name="row4.UBICAZIONE_CIVICO" value="null" talendType="id_String" nullable="true"/>
  <variables name="row4.UBICAZIONE_COMUNE" value="null" talendType="id_String" nullable="true"/>
  <variables name="row4.UBICAZIONE_PROVINCIA" value="null" talendType="id_String" nullable="true"/>
  <variables name="row4.UBICAZIONE_CAP" value="null" talendType="id_String" nullable="true"/>
  <variables name="row4.UBICAZIONE_CODICE_ISTAT" value="null" talendType="id_String" nullable="true"/>
  <variables name="row4.CATASTO_SEZIONE" value="null" talendType="id_String" nullable="true"/>
  <variables name="row4.CATASTO_FOGLIO" value="null" talendType="id_String" nullable="true"/>
  <variables name="row4.CATASTO_PARTICELLA" value="null" talendType="id_String" nullable="true"/>
  <variables name="row4.CATASTO_SUBALTERNO" value="null" talendType="id_String" nullable="true"/>
  <variables name="row4.EDIFICIO_CATEGORIA" value="null" talendType="id_String" nullable="true"/>
  <variables name="row4.VOLUMETRIA_RISC" value="null" talendType="id_String" nullable="true"/>
  <variables name="row4.VOLUMETRIA_RAFF" value="null" talendType="id_String" nullable="true"/>
  <variables name="row4.REGOLAZIONE" value="null" talendType="id_String" nullable="true"/>
  <variables name="row4.CONTABILIZZAZIONE" value="null" talendType="id_String" nullable="true"/>
  <variables name="row4.EMISSIONE" value="null" talendType="id_String" nullable="true"/>
  <variables name="row4.APE_PRESENZA" value="null" talendType="id_String" nullable="true"/>
  <variables name="row4.APE_CODICE" value="null" talendType="id_String" nullable="true"/>
  <variables name="row4.GENERATORE_CATEGORIA" value="null" talendType="id_String" nullable="true"/>
  <variables name="row4.GENERATORE_PROGRESSIVO" value="null" talendType="id_String" nullable="true"/>
  <variables name="row4.GENERATORE_POTENZA" value="null" talendType="id_String" nullable="true"/>
  <variables name="row4.GENERATORE_SERVIZI" value="null" talendType="id_String" nullable="true"/>
  <variables name="row4.GENERATORE_FABBRICANTE" value="null" talendType="id_String" nullable="true"/>
  <variables name="row4.GENERATORE_TIPOLOGIA" value="null" talendType="id_String" nullable="true"/>
  <variables name="row4.GENERATORE_COMBUSTIBILE" value="null" talendType="id_String" nullable="true"/>
  <variables name="row4.GENERATORE_DATA_INST" value="null" talendType="id_String" nullable="true"/>
  <variables name="row4.GENERATORE_ANNO_INST" value="null" talendType="id_Date" nullable="true"/>
  <variables name="row4.GENERATORE_TECNOLOGIA" value="null" talendType="id_String" nullable="true"/>
  <variables name="row4.GENERATORE_REND_NOM" value="null" talendType="id_String" nullable="true"/>
  <variables name="row4.RAPPORTO_DI_CONTROLLO_DATA" value="null" talendType="id_String" nullable="true"/>
  <variables name="row4.RAPPORTO_DI_CONTROLLO_ANNO" value="null" talendType="id_Date" nullable="true"/>
  <variables name="row4.RAP_DI_CONTROLLO_ESITO" value="null" talendType="id_String" nullable="true"/>
  <variables name="row4.RAP_DI_CONTROLLO_RENDIMENTO" value="null" talendType="id_String" nullable="true"/>
  <variables name="row4.RAP_DI_CONTROLLO_BACHARACH" value="null" talendType="id_String" nullable="true"/>
  <variables name="row4.ISPEZIONE_AUT_COMP" value="null" talendType="id_String" nullable="true"/>
  <variables name="row4.ISPEZIONE_DATA" value="null" talendType="id_String" nullable="true"/>
  <variables name="row4.ISPEZIONE_ESITO" value="null" talendType="id_String" nullable="true"/>
  <variables name="row4.Limiti_amministrativi_2015_delle_province_di_Regione_Lombardia" value="null" talendType="id_Integer" nullable="true"/>
  <variables name="row4.ATS_Regione_Lombardia" value="null" talendType="id_Integer" nullable="true"/>
</expression:EMFExpression>
